window_idx,start_idx,context,target,prediction,context_end_time
0,0,"[14.0, 18.0, 21.0, 20.0, 22.0, 20.0, 20.0, 20.0, 13.0, 11.0, 64.0, 53.0, 26.0, 10.0, 28.0, 61.0, 12.0, 33.0, 74.0, 22.0, 19.0, 74.0, 60.0, 46.0, 16.0, 16.0, 19.0, 16.0, 18.0, 16.0, 15.0, 14.0, 43.0, 70.0, 67.0, 68.0, 95.0, 66.0, 88.0, 67.0, 92.0, 51.0, 49.0, 16.0, 28.0, 62.0, 18.0, 57.0, 18.0, 18.0, 17.0, 16.0, 15.0, 15.0, 14.0, 14.0, 67.0, 68.0, 66.0, 69.0, 71.0, 56.0, 33.0, 70.0, 102.0, 23.0, 67.0, 47.0, 29.0, 74.0, 56.0, 56.0, 20.0, 24.0, 22.0, 20.0, 22.0, 17.0, 20.0, 18.0, 61.0, 70.0, 90.0, 78.0, 69.0, 77.0, 36.0, 45.0, 49.0, 100.0, 81.0, 41.0, 27.0, 63.0, 55.0, 46.0, 32.0, 58.0, 27.0, 73.0, 74.0, 71.0, 56.0, 55.0, 47.0, 108.0, 76.0, 18.0, 15.0, 63.0, 67.0, 32.0, 66.0, 66.0, 32.0, 61.0, 74.0, 77.0, 79.0, 68.0, 22.0, 24.0, 23.0, 78.0, 38.0, 63.0, 76.0, 50.0]","[13.0, 60.0, 66.0, 90.0, 66.0, 67.0, 95.0, 70.0, 68.0, 91.0, 32.0, 56.0, 73.0, 50.0, 49.0, 65.0, 20.0, 18.0, 20.0, 18.0, 18.0, 20.0, 15.0, 15.0]","[47.273860931396484, 41.792625427246094, 47.16098403930664, 53.16300964355469, 58.13914108276367, 56.22447204589844, 57.48686981201172, 58.458580017089844, 50.613182067871094, 46.9709587097168, 43.74553680419922, 51.31913375854492, 51.417476654052734, 49.82026672363281, 48.54026794433594, 44.0051155090332, 42.42725372314453, 39.32776641845703, 43.8447380065918, 38.821510314941406, 35.30816650390625, 46.16602325439453, 42.117637634277344, 50.426307678222656]",2016-07-06 09:00:00
