window_idx,start_idx,context,target,prediction,context_end_time
0,0,"[14.0, 18.0, 21.0, 20.0, 22.0, 20.0, 20.0, 20.0, 13.0, 11.0, 64.0, 53.0, 26.0, 10.0, 28.0, 61.0, 12.0, 33.0, 74.0, 22.0, 19.0, 74.0, 60.0, 46.0, 16.0, 16.0, 19.0, 16.0, 18.0, 16.0, 15.0, 14.0, 43.0, 70.0, 67.0, 68.0, 95.0, 66.0, 88.0, 67.0, 92.0, 51.0, 49.0, 16.0, 28.0, 62.0, 18.0, 57.0, 18.0, 18.0, 17.0, 16.0, 15.0, 15.0, 14.0, 14.0, 67.0, 68.0, 66.0, 69.0, 71.0, 56.0, 33.0, 70.0, 102.0, 23.0, 67.0, 47.0, 29.0, 74.0, 56.0, 56.0, 20.0, 24.0, 22.0, 20.0, 22.0, 17.0, 20.0, 18.0, 61.0, 70.0, 90.0, 78.0, 69.0, 77.0, 36.0, 45.0, 49.0, 100.0, 81.0, 41.0, 27.0, 63.0, 55.0, 46.0, 32.0, 58.0, 27.0, 73.0, 74.0, 71.0, 56.0, 55.0, 47.0, 108.0, 76.0, 18.0, 15.0, 63.0, 67.0, 32.0, 66.0, 66.0, 32.0, 61.0, 74.0, 77.0, 79.0, 68.0, 22.0, 24.0, 23.0, 78.0, 38.0, 63.0, 76.0, 50.0]","[13.0, 60.0, 66.0, 90.0, 66.0, 67.0, 95.0, 70.0, 68.0, 91.0, 32.0, 56.0, 73.0, 50.0, 49.0, 65.0, 20.0, 18.0, 20.0, 18.0, 18.0, 20.0, 15.0, 15.0]","[56.11992645263672, 83.3914794921875, 84.85005950927734, 84.83848571777344, 84.87110137939453, 82.1864013671875, 82.25534057617188, 82.260009765625, 82.4180908203125, 82.36854553222656, 82.49884033203125, 82.57553100585938, 82.63981628417969, 82.82598876953125, 82.9460220336914, 82.63646697998047, 82.96141815185547, 83.09162139892578, 83.07350158691406, 83.22830200195312, 83.3354263305664, 83.33448028564453, 83.39279174804688, 83.51102447509766]",2016-07-06 09:00:00
