window_idx,start_idx,context,target,prediction,context_end_time
0,0,"[30.5310001373291, 27.78700065612793, 27.78700065612793, 25.04400062561035, 21.947999954223633, 21.173999786376953, 22.79199981689453, 23.143999099731445, 21.66699981689453, 17.445999145507812, 19.979000091552734, 20.118999481201172, 19.204999923706055, 18.57200050354004, 19.555999755859375, 17.30500030517578, 19.486000061035156, 19.134000778198242, 20.68199920654297, 18.711999893188477, 17.868000030517578, 18.009000778198242, 18.009000778198242, 19.76799964904785, 21.104000091552734, 19.69700050354004, 20.048999786376953, 20.75200080871582, 21.385000228881836, 22.229999542236328, 20.260000228881836, 21.104000091552734, 20.61199951171875, 18.361000061035156, 20.96299934387207, 19.416000366210938, 20.822999954223633, 20.190000534057617, 21.315000534057617, 22.018999099731445, 20.68199920654297, 25.465999603271484, 25.88800048828125, 27.85700035095215, 27.295000076293945, 22.229999542236328, 21.947999954223633, 27.295000076293945, 29.334999084472656, 26.027999877929688, 24.34000015258789, 26.450000762939453, 25.95800018310547, 24.05900001525879, 25.325000762939453, 23.636999130249023, 26.3799991607666, 27.364999771118164, 28.06800079345703, 29.475000381469727, 26.802000045776367, 29.968000411987305, 30.389999389648438, 31.163999557495117]","[29.756999969482422, 32.28900146484375, 31.937999725341797, 28.56100082397461, 21.525999069213867, 22.229999542236328, 19.416000366210938, 18.57200050354004, 21.66699981689453, 25.535999298095703, 27.85700035095215, 27.92799949645996]","[NaN, NaN, NaN, NaN, NaN, NaN, NaN, NaN, NaN, NaN, NaN, NaN]",2016-07-03 15:00:00
