window_idx,start_idx,context,target,prediction,context_end_time
0,0,"[0.004800000227987766, 0.007199999876320362, 0.004000000189989805, 0.0038999998942017555, 0.00419999985024333, 0.004000000189989805, 0.004399999976158142, 0.00419999985024333, 0.00860000029206276, 0.022299999371170998, 0.03269999846816063, 0.04089999943971634, 0.045099999755620956, 0.04619999974966049, 0.049800001084804535, 0.043699998408555984, 0.043699998408555984, 0.040699999779462814, 0.037700001150369644, 0.029500000178813934, 0.02590000070631504, 0.01360000018030405, 0.008200000040233135, 0.0038999998942017555, 0.0038999998942017555, 0.004000000189989805, 0.003800000064074993, 0.003700000001117587, 0.004100000020116568, 0.022600000724196434, 0.042899999767541885, 0.0421999990940094, 0.04529999941587448, 0.05490000173449516, 0.05770000070333481, 0.061400000005960464, 0.0658000037074089, 0.06300000101327896, 0.06520000100135803, 0.0649000033736229, 0.06400000303983688, 0.06080000102519989, 0.04729999974370003, 0.03480000048875809, 0.02759999968111515, 0.023099999874830246, 0.010700000450015068, 0.00419999985024333, 0.003700000001117587, 0.004000000189989805, 0.003700000001117587, 0.003700000001117587, 0.003700000001117587, 0.003700000001117587, 0.003700000001117587, 0.003700000001117587, 0.003700000001117587, 0.003700000001117587, 0.003700000001117587, 0.003700000001117587, 0.003700000001117587, 0.003700000001117587, 0.003700000001117587, 0.003700000001117587]","[0.003700000001117587, 0.003700000001117587, 0.003700000001117587, 0.003700000001117587, 0.003700000001117587, 0.003700000001117587, 0.003700000001117587, 0.003700000001117587, 0.003000000026077032, 0.002099999925121665, 0.0015999999595806003, 0.0010000000474974513]","[NaN, NaN, NaN, NaN, NaN, NaN, NaN, NaN, NaN, NaN, NaN, NaN]",2016-07-03 17:00:00
